Code,Town
RAJD014564,Achrol
RAJD013646,Achrol
RAJD003087,Kanota
RAJD10511,Kanota
RAJD015469,Agra Road
RAJD008484,Agra Road
RAJD017774,Agra Road
RAJD12358,Bassi 
RAJD015445,Agra Road
RAJD9112,Bassi 
RAJD017637,Agra Road
RAJD016250,Agra Road
RAJD015423,Agra Road
RAJD014786,Agra Road
RAJD014796,Agra Road
RAJD018280,Agra Road
RAJD005675,Bassi 
RAJD013535,Agra Road
RAJD014745,Kanota
RAJD00029309,Agra Road
RAJD00029286,Agra Road
RAJD7451,Kanota
RAJD9717,Agra Road
RAJD017651,Agra Road
RAJD018363,Bassi 
RAJD15277,Agra Road
RAJD015263,Bassi 
RAJD006719,Agra Road
RAJD015750,Kanota
RAJD9100,Agra Road
RAJD017758,Agra Road
RAJD003014,Alwar 
RAJD8207,Alwar 
RAJD7701,Alwar 
RAJD6701,Alwar 
RAJD015456,Alwar 
RAJD015454,Alwar 
RAJD016720,Alwar 
RAJD12192,Alwar 
RAJD1030,Alwar 
RAJD013161,Alwar 
RAJD7652,Alwar 
RAJD6570,Alwar 
RAJD009444,Alwar 
RAJD10337,Alwar 
RAJD1009,Alwar 
RAJD1052,Alwar 
RAJD16450,Alwar 
RAJD1010,Alwar 
RAJD004913,Alwar 
RAJD16953,Alwar 
RAJD17192,Alwar 
RAJD007385,Alwar 
RAJD014608,Alwar 
RAJD7913,Alwar 
RAJD7699,Alwar 
RAJD017208,Alwar 
RAJD1027,Alwar 
RAJD016232,Alwar 
RAJD001259,Amer Chak No.1
RAJD004700,Amer Chak No.1
RAJD013812,Amer Chak No.1
RAJD13375,Antah 
RAJD9271,Bagru 
RAJD6212,Bagru 
RAJD10215,Bagru 
RAJD014761,Bagru 
RAJD6209,Bagru 
RAJD6264,Bagru 
RAJD7691,Bagru 
RAJD11852,Bagru 
RAJD6223,Bagru 
RAJD13922,Bagru 
RAJD007430,Bagru 
RAJD7665,Bagru 
RAJD011320,N/A
RAJD13923,Bagru 
RAJD15753,Bagru 
RAJD008364,Bagru Ricco
RAJD13921,Bagru 
RAJD016221,Bamanwas Patti Kalan
RAJD009443,Bandikui 
RAJD16555,Bandikui 
RAJD000326,Bandikui 
RAJD8442,Bandikui 
RAJD6731,Bandikui 
RAJD11050,Bandikui 
RAJD8443,Bandikui 
RAJD016726,Banetha
RAJD017269,sultanpur
RAJD017275,Bapawar Kalan
RAJD017135,Samraniya
RAJD7029,Baran 
RAJD016120,Chhabra 
RAJD002903,Baran 
RAJD014554,Baran 
RAJD017114,Baran 
RAJD017049,Siswali
RAJD016064,Chhipabarod 
RAJD016941,Baran 
RAJD12650,Baran 
RAJD016062,Baran 
RAJD016060,Baran 
RAJD16278,Bargaon
RAJD6553,Bargaon
RAJD012183,Bari 
RAJD7186,Bari 
RAJD14872,Bari 
RAJD4131,Barkat Nagar
RAJD005034,Barkat Nagar
RAJD011357,Baroda Meo
RAJD007977,Vatika
RAJD017009,Bayana 
RAJD011897,Bayana 
RAJD12517,Bayana 
RAJD015975,Bayana 
RAJD15431,Bayana 
RAJD000639,Bayana 
RAJD008458,Bayana 
RAJD007712,Rudawal
RAJD009680,Rudawal
RAJD016037,Bayana 
RAJD005613,Baroda Meo
RAJD006934,Behror 
RAJD016617,Behror 
RAJD012363,Behror 
RAJD006122,Behror 
RAJD004371,Baseri
RAJD003463,Baseri
RAJD9556,Bharatpur 
RAJD004223,Bharatpur 
RAJD004099,Bharatpur 
RAJD17591,Bharatpur 
RAJD6140,Bharatpur 
RAJD002378,Bharatpur 
RAJD008879,Bharatpur 
RAJD003848,Bharatpur 
RAJD003154,Bharatpur 
RAJD003998,Bharatpur 
RAJD6149,Bharatpur 
RAJD9553,Bharatpur 
RAJD006614,Bharatpur 
RAJD6148,Bharatpur 
RAJD6156,Bharatpur 
RAJD9956,Bharatpur 
RAJD3014,Bharatpur 
RAJD015290,Bhawani Mandi 
RAJD016485,Choumela
RAJD016487,Bhawani Mandi 
RAJD016257,Bhawani Mandi 
RAJD009278,Bhiwadi 
RAJD8549,Bhiwadi 
RAJD008220,Bhiwadi 
RAJD015236,Bhiwadi 
RAJD4557,Bhiwadi 
RAJD6849,Bhiwadi 
RAJD6851,Bhiwadi 
RAJD015227,Bhiwadi 
RAJD001286,Bhiwadi 
RAJD15149,Bhiwadi 
RAJD8742,Bhiwadi 
RAJD008221,Bhiwadi 
RAJD015276,Bhiwadi 
RAJD16424,Bhiwadi 
RAJD9139,Bhiwadi 
RAJD15797,Bhiwadi 
RAJD11176,Bhiwadi 
RAJD000453,Bhiwadi 
RAJD16459,Bhiwadi 
RAJD016627,Bhiwadi 
RAJD11172,Bhiwadi 
RAJD15429,Bhusawar 
RAJD015976,Bhusawar 
RAJD9321,Bichoon
RAJD004866,Bonl
RAJD016453,Bundi    
RAJD7209,Bundi    
RAJD003789,Bundi    
RAJD015968,Bundi    
RAJD14819,Bundi    
RAJD7203,Bundi    
RAJD16060,Bundi    
RAJD016020,Bundi    
RAJD14492,Bundi    
RAJD14489,Bundi    
RAJD003768,Chaksu 
RAJD013202,Chaksu 
RAJD12376,Chaksu 
RAJD007220,Chaksu 
RAJD13181,Goner Mod
RAJD7446,Chaksu 
RAJD013303,Chaksu 
RAJD014604,Chaksu 
RAJD13759,Chandwaji
RAJD012220,Chandwaji
RAJD16108,Chechat 
RAJD14379,Chechat 
RAJD016945,Chhabra 
RAJD10710,Chhabra 
RAJD016987,Chhipabarod 
RAJD001340,Chhipabarod 
RAJD000644,Chhokarwara Kalan
RAJD000051,Chomu 
RAJD012423,Itawa
RAJD6254,Chomu 
RAJD013503,Chomu 
RAJD017065,Itawa
RAJD017289,Chomu 
RAJD013187,Chomu 
RAJD011297,Chomu 
RAJD013855,Rampura
RAJD016172,Govindgarh 
RAJD13342,Chomu 
RAJD012356,Chomu 
RAJD015974,Jalsu
RAJD6253,Chomu 
RAJD016067,Chomu 
RAJD10205,Govindgarh 
RAJD017173,Kanarpura
RAJD002824,Chomu 
RAJD012444,Itawa
RAJD012495,Darbarpur
RAJD007420,Dausa 
RAJD015591,Dausa 
RAJD002486,Dausa 
RAJD011753,Dausa 
RAJD002487,Dausa 
RAJD015608,Dausa 
RAJD8037,Dausa 
RAJD015722,Dausa 
RAJD015607,Dausa 
RAJD7587,Dausa 
RAJD009221,Dausa 
RAJD009547,Dausa 
RAJD6689,Dausa 
RAJD16550,Dausa 
RAJD007898,Deeg 
RAJD016007,Deeg 
RAJD12553,Deeg 
RAJD016737,Deeg 
RAJD016449,Deeg 
RAJD000637,Deeg 
RAJD13276,Dei
RAJD17255,Deoli 
RAJD7004,Deoli 
RAJD14206,Deoli 
RAJD14208,Deoli 
RAJD012882,Deoli 
RAJD14209,Deoli 
RAJD016078,Deoli 
RAJD005621,Machari
RAJD6152,Dhaulpur  
RAJD012330,Dhaulpur  
RAJD008552,Dhaulpur  
RAJD7182,Dhaulpur  
RAJD011516,Dhaulpur  
RAJD7924,Dhaulpur  
RAJD003464,Dhaulpur  
RAJD10697,Dhaulpur  
RAJD012190,Dhaulpur  
RAJD015743,Dhaulpur  
RAJD7178,Dhaulpur  
RAJD013631,Diggi
RAJD008554,Diwakari 
RAJD14314,Dooni
RAJD006208,Narena
RAJD015301,Dudu
RAJD015302,Dudu
RAJD6211,Dudu
RAJD015354,Dudu
RAJD014304,Dudu
RAJD008839,Dudu
RAJD7430,Dudu
RAJD9273,Dudu
RAJD008430,Gangapur City 
RAJD8701,Gangapur City 
RAJD002920,Gangapur City 
RAJD4923,Gangapur City 
RAJD11279,Gangapur City 
RAJD16453,Gangapur City 
RAJD13178,Ganpati Plaza
RAJD00029270,Jayanti
RAJD017572,Ganpati Plaza
RAJD007410,Ganpati Plaza
RAJD012180,Ganpati Plaza
RAJD0839,Ganpati Plaza
RAJD015565,Ganpati Plaza
RAJD003013,Ganpati Plaza
RAJD13097,Ganpati Plaza
RAJD15070,Ganpati Plaza
RAJD12632,Ganpati Plaza
RAJD13098,Ganpati Plaza
RAJD017343,Ganpati Plaza
RAJD006705,Goner Mod
RAJD013700,Vatika
RAJD15743,Gopalgarh
RAJD016454,Gothra
RAJD10155,Govindgarh 
RAJD12977,Govindgarh 
RAJD015762,Govindgarh 
RAJD17758,Govindgarh 
RAJD015696,Govindgarh 
RAJD13145,Govindgarh 
RAJD10943,Harsoli
RAJD003356,Hindaun 
RAJD5947,Hindaun 
RAJD002891,Dausa 
RAJD014301,Hindaun 
RAJD011099,Hindaun 
RAJD4278,Hindaun 
RAJD6688,Dausa 
RAJD16455,Hindaun 
RAJD5958,Hindaun 
RAJD11462,Hindaun 
RAJD012472,Hindaun 
RAJD007404,Hindaun 
RAJD5951,Hindaun 
RAJD5953,Hindaun 
RAJD014831,Hindaun 
RAJD007157,Hindaun 
RAJD007581,Sikandara 
RAJD015011,Hindaun 
RAJD6720,Dausa 
RAJD17169,Hindoli
RAJD015008,Ibrahimpur
RAJD016971,Indragarh 
RAJD016504,Indragarh 
RAJD017276,Itawa
RAJD017288,Itawa
RAJD017285,Itawa
RAJD017573,Jagat Pura & India Gate
RAJD15670,Jagat Pura & India Gate
RAJD009900,Jagat Pura & India Gate
RAJD015379,Jagat Pura & India Gate
RAJD005305,Jagat Pura & India Gate
RAJD8361,Jagat Pura & India Gate
RAJD017386,Jagat Pura & India Gate
RAJD15667,Jagat Pura & India Gate
RAJD4129,Jagat Pura & India Gate
RAJD006664,Jagat Pura & India Gate
RAJD018762,Malpura Gate
RAJD003971,Jagat Pura & India Gate
RAJD009884,Jagat Pura & India Gate
RAJD15360,Jagat Pura & India Gate
RAJD015143,Jagat Pura & India Gate
RAJD014522,Jagat Pura & India Gate
RAJD016586,Jagat Pura & India Gate
RAJD015564,Jagat Pura & India Gate
RAJD14285,Jagat Pura & India Gate
RAJD016925,Jagat Pura & India Gate
RAJD17098,Nai ki Thadi
RAJD009890,Nai ki Thadi
RAJD000635,Janoothar
RAJD9978,Jayanti
RAJD0691,Jayanti
RAJD015779,Jayanti
RAJD0818,Jayanti
RAJD008276,Jayanti
RAJD6580,Jayanti
RAJD6355,Jayanti
RAJD013346,Jayanti
RAJD009612,Jayanti
RAJD00029352,Jodhpur
RAJD018384,Jodhpur
RAJD005974,Joriya
RAJD005647,Kailadevi
RAJD002110,Kaithoon 
RAJD007163,Kaithoon 
RAJD002111,Kaithoon 
RAJD001976,Kaithoon 
RAJD000379,Kaladera
RAJD10222,Kaladera
RAJD005517,Kalwara
RAJD13928,Kalwara
RAJD13309,Kaman 
RAJD15449,Kaman 
RAJD17205,Kaprain 
RAJD006471,Kaprain 
RAJD10381,Karauli 
RAJD15170,Karauli 
RAJD015662,Karauli 
RAJD005648,Karauli 
RAJD9306,Karauli 
RAJD15180,Karauli 
RAJD11505,Karauli 
RAJD9307,Karauli 
RAJD014342,Karauli 
RAJD11920,Karauli 
RAJD9359,Karauli 
RAJD007702,Karauli 
RAJD013900,Karauli 
RAJD10383,Karauli 
RAJD11506,Karauli 
RAJD015025,Karauli 
RAJD005615,Laxmangarh
RAJD004897,Karwar
RAJD13595,Karwar
RAJD9838,Kasba Bansur
RAJD14134,Kasba Bansur
RAJD4439,Kasba Bansur
RAJD11421,Kasba Bansur
RAJD11420,Narayanpur
RAJD4435,Kasba Bansur
RAJD6327,Kasba Bonli 
RAJD9890,Kasba Bonli 
RAJD016989,Kawai 
RAJD17919,Keshoraipatan 
RAJD010908,Khairthal 
RAJD1012,Khairthal 
RAJD7120,Khairthal 
RAJD015789,Tapookra 
RAJD017273,Khatauli
RAJD012049,Khatkar
RAJD012047,Khatkar
RAJD004355,Shivdaspura
RAJD016058,Kherli 
RAJD001120,Kherli 
RAJD003501,Kathumer
RAJD001065,Kherli 
RAJD005624,Thanagazi
RAJD013340,Khor 
RAJD17680,Khor 
RAJD010865,Kishangarh 
RAJD007477,Kishangarh 
RAJD1033,Kishangarh 
RAJD003771,Kishangarh 
RAJD005955,Kishangarh 
RAJD7632,Kishangarh Renwal 
RAJD7634,Kishangarh Renwal 
RAJD011754,Kishangarh Renwal 
RAJD7633,Kishangarh Renwal 
RAJD004724,Kishangarh Renwal 
RAJD001210,Kookas
RAJD5790,Kookas
RAJD17010,Kookas
RAJD17827,Kookas
RAJD010819,Kot Khawada
RAJD013504,Kota   
RAJD005714,Rawatbhata 
RAJD10385,Kota   
RAJD16269,Kota   
RAJD000679,Kota   
RAJD6659,Kota   
RAJD2840,Kota   
RAJD002352,Kota   
RAJD16257,Kota   
RAJD003729,Kota   
RAJD12805,Kota   
RAJD2816,Kota   
RAJD015484,Kota   
RAJD002068,Kota   
RAJD003828,Kota   
RAJD005995,Kota   
RAJD16308,Kota   
RAJD009277,Kota   
RAJD001900,Kota   
RAJD009036,Kota   
RAJD004497,Kota   
RAJD16021,Kota   
RAJD17530,Kota   
RAJD012109,Kota   
RAJD000994,Kota   
RAJD10332,Kota   
RAJD17137,Kota   
RAJD16291,Kota   
RAJD12813,Kota   
RAJD013043,Kota   
RAJD006910,Kota   
RAJD006881,Kota   
RAJD012055,Kota   
RAJD16436,Kota   
RAJD12718,Kota   
RAJD011139,Kota   
RAJD16276,Kota   
RAJD000282,Kota   
RAJD2881,Kota   
RAJD2814,Kota   
RAJD3213,Kota   
RAJD014775,Kota   
RAJD003009,Kota   
RAJD14874,Kota   
RAJD16262,Kota   
RAJD016207,Kota   
RAJD011681,Kota   
RAJD6540,Kota   
RAJD003727,Kota   
RAJD000376,Kota   
RAJD016572,Kota   
RAJD016570,Kota   
RAJD010863,Kota   
RAJD000683,Kota   
RAJD005250,Kota   
RAJD016358,Kota   
RAJD017083,Kaithoon 
RAJD2835,Kota   
RAJD10284,Kotkasim
RAJD000652,Kotkasim
RAJD002636,Kotkasim
RAJD11298,Kotkasim
RAJD4421,Kotputli 
RAJD4472,Patan
RAJD4418,Kotputli 
RAJD4415,Kotputli 
RAJD009874,Kotputli 
RAJD013103,Kotputli 
RAJD15721,Kotputli 
RAJD016099,Kotputli 
RAJD003823,Kotputli 
RAJD16305,Kumher 
RAJD013066,Kumher 
RAJD016195,Kumher 
RAJD7580,Kumher 
RAJD016840,Lakheri 
RAJD6727,Lalsot 
RAJD000550,Lalsot 
RAJD6729,Lalsot 
RAJD15975,Lalsot 
RAJD004244,Lalsot 
RAJD016601,Lalsot 
RAJD17986,Mahesh Nagar
RAJD010939,Mahesh Nagar
RAJD013475,Mahesh Nagar
RAJD6218,Mahlan
RAJD10135,Mahwa 
RAJD9056,Mahwa 
RAJD000364,Mahwa 
RAJD003780,Mahwa 
RAJD008366,Dausa 
RAJD15703,Mahwa 
RAJD9047,Mahwa 
RAJD000365,Mahwa 
RAJD015734,Mahwa 
RAJD7695,Rajgarh
RAJD009834,Malarna Doongar
RAJD001204,Malpura    
RAJD005004,Malpura    
RAJD7013,Malpura    
RAJD017011,Malpura    
RAJD16886,Malpura    
RAJD015891,Malpura Gate
RAJD017615,Malpura Gate
RAJD009557,Malpura Gate
RAJD015711,Malpura Gate
RAJD006788,Malpura Gate
RAJD016729,Malpura Gate
RAJD015689,Malpura Gate
RAJD3848,Malpura Gate
RAJD012663,Malpura Gate
RAJD0514,Malpura Gate
RAJD0425,Malpura Gate
RAJD0823,Malpura Gate
RAJD017466,Malpura Gate
RAJD15221,Malpura Gate
RAJD018297,Malpura Gate
RAJD003719,Malpura Gate
RAJD00029469,Malpura Gate
RAJD017340,Malpura Gate
RAJD7867,Malpura Gate
RAJD006620,Malpura Gate
RAJD007642,Malpura Gate
RAJD017713,Malpura Gate
RAJD011070,Malpura Gate
RAJD016460,Malviya Ngr & Tonk Road
RAJD018169,Malviya Ngr & Tonk Road
RAJD16634,Malviya Ngr & Tonk Road
RAJD003907,Malviya Ngr & Tonk Road
RAJD4038,Malviya Ngr & Tonk Road
RAJD8699,Malviya Ngr & Tonk Road
RAJD12580,Malviya Ngr & Tonk Road
RAJD015009,Sanganer
RAJD005086,Malviya Ngr & Tonk Road
RAJD012656,Malviya Ngr & Tonk Road
RAJD018439,Malviya Ngr & Tonk Road
RAJD014903,Malviya Ngr & Tonk Road
RAJD13269,Malviya Ngr & Tonk Road
RAJD007264,Malviya Ngr & Tonk Road
RAJD015475,Jagat Pura & India Gate
RAJD0737,Malviya Ngr & Tonk Road
RAJD15720,Sanganer
RAJD15214,Malviya Ngr & Tonk Road
RAJD004904,Malviya Ngr & Tonk Road
RAJD004814,Malviya Ngr & Tonk Road
RAJD15023,Malviya Ngr & Tonk Road
RAJD017345,Malviya Ngr & Tonk Road
RAJD015673,Malviya Ngr & Tonk Road
RAJD8359,Malviya Ngr & Tonk Road
RAJD9464,Malviya Ngr & Tonk Road
RAJD17587,Sanganer
RAJD13064,Malviya Ngr & Tonk Road
RAJD006925,Malviya Ngr & Tonk Road
RAJD015601,Sanganer
RAJD14822,Sanganer
RAJD16388,Malviya Ngr & Tonk Road
RAJD018418,Malviya Ngr & Tonk Road
RAJD017543,Malviya Ngr & Tonk Road
RAJD004110,Rawatbhata 
RAJD013683,Ranpur
RAJD017095,Mandana
RAJD003778,Mandawar 
RAJD11385,Mandawar 
RAJD009697,Maniyan
RAJD002311,Bhiwadi 
RAJD5789,Manoharpur 
RAJD017198,Gathwadi
RAJD007213,Manoharpur 
RAJD1068,Mubarikpur
RAJD010909,Mundawar
RAJD10690,Mundawar
RAJD004117,Baroda Meo
RAJD012355,Baroda Meo
RAJD005438,Alwar 
RAJD13060,Alwar 
RAJD1059,Alwar 
RAJD00029226,Chomu 
RAJD017194,N/A
RAJD008939,Deoli 
RAJD018735,ALIGARH
RAJD018897,Bagru 
RAJD018776,Paota
RAJD018396,Kota   
RAJD00029289,N/A
RAJD1031,Alwar 
RAJD017944,Samraniya
RAJD017384,BAGDI
RAJD018659,Mandan
RAJD004370,Dhaulpur  
RAJD012327,Maniyan
RAJD018637,Kota   
RAJD018614,Kota   
RAJD017336,sultanpur
RAJD009196,Tapookra 
RAJD006167,Chaksu 
RAJD018115,Ramgarh 
RAJD017872,Sawai Madhopur 
RAJD018826,N/A
RAJD018394,Janoothar
RAJD018014,Kota   
RAJD017900,Khanpur
RAJD017743,N/A
RAJD019009,Vatika
RAJD8198,Alwar 
RAJD00029518,Chomu 
RAJD018933,Kishangarh Renwal 
RAJD018757,Rawatbhata 
RAJD018922,Phagi
RAJD018021,N/A
RAJD018379,Alwar 
RAJD017909,Samod
RAJD017945,Shahbad
RAJD018824,Dausa 
RAJD017380,DHIKHOLIYA
RAJD00029254,Khairthal 
RAJD018153,Alwar 
RAJD017435,Kailwada
RAJD00029297,Dausa 
RAJD017385,NANER
RAJD00029342,Khairthal 
RAJD13136,Alwar 
RAJD006615,Alwar 
RAJD017633,Ramgarh 
RAJD017919,Samod
RAJD018860,Paota
RAJD013205,Dhaulpur  
RAJD00029210,Kumher 
RAJD00029343,Tatarpur
RAJD00029344,Harsora
RAJD4172,Alwar 
RAJD017445,Alwar 
RAJD018837,Chomu 
RAJD017681,Bhiwadi 
RAJD017498,Pirawa
RAJD017374,UNIYARA
RAJD018602,Tonk  
RAJD017368,N/A
RAJD018120,N/A
RAJD017403,Kota   
RAJD018122,N/A
RAJD018730,SHIVAD
RAJD018775,Paota
RAJD018912,Kota   
RAJD00029229,N/A
RAJD00029363,N/A
RAJD12798,Alwar 
RAJD017689,Nadoti
RAJD2793,Alwar 
RAJD017357,PEEPLU
RAJD018197,N/A
RAJD018736,UNIYARA
RAJD017408,Malarna Doongar
RAJD018527,Kota   
RAJD017905,Manoharpur 
RAJD018684,N/A
RAJD018132,Kathumer
RAJD004721,N/A
RAJD017513,Kota   
RAJD018683,Kota   
RAJD018903,Nagar 
RAJD018685,N/A
RAJD018182,Kota   
RAJD018935,N/A
RAJD018902,Deeg 
RAJD017671,Vatika
RAJD017553,Alwar 
RAJD017682,Samod
RAJD00029461,Kishangarh Renwal 
RAJD004358,Lalsot 
RAJD012557,Tunga
RAJD018369,Ramganj Mandi 
RAJD017356,Renwal Manji
RAJD00029243,Phagi
RAJD016850,KHANDAR
RAJD004610,Bari 
RAJD6921,Alwar 
RAJD005439,Alwar 
RAJD018072,Chhabra 
RAJD018859,Ramgarh 
RAJD00029244,ALIGARH
RAJD006015,N/A
RAJD017862,Dhaulpur  
RAJD017874,N/A
RAJD018804,N/A
RAJD018142,N/A
RAJD018164,Alwar 
RAJD017342,Alwar 
RAJD005440,Alwar 
RAJD017432,Tehela
RAJD008938,Dooni
RAJD001354,Dooni
RAJD017725,RANOLI
RAJD018734,Phagi
RAJD000684,Kota   
RAJD00029228,N/A
RAJD017773,Rajgarh
RAJD018292,Ramganj Mandi 
RAJD004573,Bhiwadi 
RAJD017358,Malpura    
RAJD018254,Mandan
RAJD018923,Tonk  
RAJD017664,Sawai Madhopur 
RAJD018171,Marena
RAJD000410,N/A
RAJD00029252,Dhelawas
RAJD017250,Alwar 
RAJD015728,Alwar 
RAJD003465,Rajakhera 
RAJD017317,Khatauli
RAJD018395,Halena 
RAJD12647,Alwar 
RAJD018089,Karauli 
RAJD017433,Chhabra 
RAJD00029251,Khairthal 
RAJD017775,Kaladera
RAJD017712,Itawa
RAJD017404,Baran 
RAJD017392,N/A
RAJD018075,Baran 
RAJD017577,Samraniya
RAJD017521,Phagi
RAJD017796,KHANDAR
RAJD017991,Paota
RAJD017854,N/A
RAJD018543,N/A
RAJD017870,Kota   
RAJD017901,Khanpur
RAJD017929,Gathwadi
RAJD018917,Kaithoon 
RAJD00029298,N/A
RAJD018550,Deeg 
RAJD018190,jagpura
RAJD018874,Khanpur
RAJD016900,N/A
RAJD018288,N/A
RAJD018030,Pahari
RAJD018702,Kota   
RAJD017434,N/A
RAJD00029290,N/A
RAJD018876,N/A
RAJD12533,Nadbai 
RAJD016717,Nadbai 
RAJD6837,Nadbai 
RAJD16531,Nadoti
RAJD001067,Nagar 
RAJD003493,Nagar 
RAJD15427,Nagar 
RAJD15428,Nagar 
RAJD13278,Nainwa 
RAJD008476,Nainwa 
RAJD13280,Nainwa 
RAJD16602,Narena
RAJD006546,Narena
RAJD003791,Narayanpur
RAJD008338,Narayanpur
RAJD7090,Naugawan
RAJD010945,Naugawan
RAJD002860,Govindgarh 
RAJD13839,Neemrana 
RAJD005800,Niwai 
RAJD17448,Niwai 
RAJD17449,Niwai 
RAJD8813,Niwai 
RAJD17450,Niwai 
RAJD003248,Niwai 
RAJD16620,Niwai 
RAJD005256,Niwai 
RAJD017538,Nsr
RAJD015835,Nsr
RAJD018050,Nsr
RAJD017759,Nsr
RAJD0897,Nsr
RAJD018573,Nsr
RAJD015373,Nsr
RAJD018044,Nsr
RAJD005295,Nsr
RAJD006916,Nsr
RAJD14941,Nsr
RAJD007663,Nsr
RAJD014392,Nsr
RAJD17181,Nsr
RAJD005876,Nsr
RAJD006390,Pahari
RAJD10225,Paota
RAJD015082,Paota
RAJD016650,Phagi
RAJD015951,Phagi
RAJD015499,Phagi
RAJD015730,Phagi
RAJD15701,Phagi
RAJD15700,Phagi
RAJD13822,N/A
RAJD008557,Phulera   
RAJD16604,Phulera   
RAJD015351,Phulera   
RAJD015350,Phulera   
RAJD10682,Phulera   
RAJD6405,N/A
RAJD6220,Phulera   
RAJD005989,Phulera   
RAJD6297,Phulera   
RAJD6496,Raisar Plaza
RAJD0698,Raisar Plaza
RAJD016469,Raisar Plaza
RAJD0792,Raisar Plaza
RAJD0622,Raisar Plaza
RAJD0778,Raisar Plaza
RAJD002738,Raisar Plaza
RAJD001895,Raisar Plaza
RAJD009125,Rajakhera 
RAJD007790,Rajakhera 
RAJD012322,Rajakhera 
RAJD013470,Rajapark
RAJD011236,Rajapark
RAJD016137,Rajapark
RAJD15946,Rajapark
RAJD002710,Rajapark
RAJD013894,Rajapark
RAJD017299,Rajapark
RAJD017676,Rajapark
RAJD008095,Rajapark
RAJD016924,Rajapark
RAJD6385,Rajapark
RAJD0800,Rajapark
RAJD14295,Rajapark
RAJD018341,Rajapark
RAJD009269,Rajapark
RAJD016001,Rajapark
RAJD016588,Rajapark
RAJD009246,Rajapark
RAJD14062,Rajapark
RAJD16361,Rajapark
RAJD018013,Rajapark
RAJD016618,Rajapark
RAJD012181,Rajapark
RAJD15692,Rajapark
RAJD17196,Rajgarh 
RAJD1064,Rajgarh 
RAJD004399,Ramganj Mandi 
RAJD9191,Ramganj Mandi 
RAJD16050,Ramganj Mandi 
RAJD016378,Ramganj Mandi 
RAJD9197,Ramganj Mandi 
RAJD9190,Ramganj Mandi 
RAJD13150,Ramgarh 
RAJD016735,Ramgarh 
RAJD10151,Ramgarh 
RAJD015936,Ramgarh 
RAJD005480,Rampura
RAJD6513,Rampura
RAJD009782,Jalsu
RAJD004576,Narayanpur
RAJD001703,Ramganj Mandi 
RAJD13798,Rawatbhata 
RAJD001704,Ramganj Mandi 
RAJD015106,Renwal Manji
RAJD013064,Renwal Manji
RAJD005464,Renwal Manji
RAJD016969,Rupbas
RAJD012129,Rupbas
RAJD15190,Rupbas
RAJD009413,Rupbas
RAJD007982,Saipau
RAJD005988,Reni
RAJD012486,Sambhar 
RAJD6299,Sambhar 
RAJD006547,Sambhar 
RAJD6300,Phulera   
RAJD016681,Gurjar Ki Thadi
RAJD17896,Sanganer
RAJD018763,Malpura Gate
RAJD018095,Malpura Gate
RAJD018333,Jagat Pura & India Gate
RAJD011801,Sanganer
RAJD013037,Sanganer
RAJD016600,Malpura Gate
RAJD018444,Jagat Pura & India Gate
RAJD016136,Sanganer
RAJD016251,Sanganer
RAJD013038,Sanganer
RAJD015631,Sanganer
RAJD008395,Sanganer
RAJD018745,Sanganer
RAJD018707,Sanganer
RAJD017978,Malpura Gate
RAJD016766,Mahesh Nagar
RAJD018906,Malpura Gate
RAJD0760,Sanganer
RAJD006356,Sanganer
RAJD16253,Sanganer
RAJD016044,Sanganer
RAJD8866,Sanganer
RAJD018073,Jagat Pura & India Gate
RAJD002545,Sanganer
RAJD018096,Jagat Pura & India Gate
RAJD017211,Malpura Gate
RAJD003238,Sanganer
RAJD016503,Jagat Pura & India Gate
RAJD7868,Sanganer
RAJD014563,Sanganer
RAJD0412,Sanganer
RAJD000537,Sangod 
RAJD017274,Sangod 
RAJD008739,KUDGANV
RAJD002919,Sapotra 
RAJD016999,Sapotra 
RAJD8748,Sapotra 
RAJD004720,Sarmathura 
RAJD004709,Sawai Madhopur 
RAJD16488,Sawai Madhopur 
RAJD012427,Sawai Madhopur 
RAJD004803,Sawai Madhopur 
RAJD007072,Sawai Madhopur 
RAJD012933,Sawai Madhopur 
RAJD17109,Sawai Madhopur 
RAJD016885,Sawai Madhopur 
RAJD15744,N/A
RAJD001108,Seekri
RAJD009209,Seekri
RAJD6716,Shahjahanpur 
RAJD017136,Manoharpur 
RAJD17277,Bhiwadi 
RAJD012307,Kasba Bansur
RAJD009882,Paota
RAJD016492,Manoharpur 
RAJD16039,Paota
RAJD006027,Kotputli 
RAJD015233,Bhiwadi 
RAJD9721,Kasba Bansur
RAJD5782,Manoharpur 
RAJD012673,Paota
RAJD006691,Paota
RAJD016501,Shastri Nagar
RAJD4343,Shastri Nagar
RAJD15812,Shastri Nagar
RAJD16532,Shastri Nagar
RAJD017396,Shastri Nagar
RAJD015792,Shastri Nagar
RAJD014757,Shastri Nagar
RAJD007896,Shastri Nagar
RAJD005895,Shastri Nagar
RAJD00029215,Shastri Nagar
RAJD007402,Shastri Nagar
RAJD017482,Shastri Nagar
RAJD0758,Shastri Nagar
RAJD4135,Shastri Nagar
RAJD009719,Shastri Nagar
RAJD016573,Shastri Nagar
RAJD4245,Shastri Nagar
RAJD3984,Shastri Nagar
RAJD4098,Shastri Nagar
RAJD003257,Shastri Nagar
RAJD001329,Shastri Nagar
RAJD015433,Shastri Nagar
RAJD9872,Shastri Nagar
RAJD16519,Shastri Nagar
RAJD006670,Shastri Nagar
RAJD017360,Shastri Nagar
RAJD005091,Shivdaspura
RAJD009781,Shivdaspura
RAJD011466,Shivdaspura
RAJD0474,Sodala
RAJD8763,Sodala
RAJD017783,Sodala
RAJD000394,Sodala
RAJD017806,Sodala
RAJD006295,Sodala
RAJD15724,Sodala
RAJD016447,Sodala
RAJD0813,Sodala
RAJD15209,Sodala
RAJD14828,Sodala
RAJD7736,Sodala
RAJD001002,Sodala
RAJD005623,Thanagazi
RAJD17017,Suket 
RAJD000752,Suroth
RAJD014413,Suroth
RAJD016009,Talab Gaon
RAJD004024,Tapookra 
RAJD008791,Tapookra 
RAJD012515,Tapookra 
RAJD003122,Tapookra 
RAJD009770,Kishangarh 
RAJD11565,Tapookra 
RAJD12032,Tapookra 
RAJD11300,Tapookra 
RAJD007398,Tapookra 
RAJD10942,Tapookra 
RAJD16458,Tapookra 
RAJD16464,Tapookra 
RAJD008880,Tapookra 
RAJD010949,Tapookra 
RAJD000649,Tapookra 
RAJD004022,Tapookra 
RAJD000650,Tapookra 
RAJD12112,Tapookra 
RAJD005620,Thanagazi
RAJD010946,Thanagazi
RAJD006308,Thanagazi
RAJD10247,Ramgarh
RAJD10144,Tijara 
RAJD7049,Tijara 
RAJD012061,Tijara 
RAJD10966,Tijara 
RAJD010948,Tijara 
RAJD012765,Tijara 
RAJD000651,Tijara 
RAJD10940,Tijara 
RAJD007405,Tijara 
RAJD002414,Tijara 
RAJD004154,Todabhim 
RAJD13083,Todabhim 
RAJD11470,Todabhim 
RAJD005191,Dausa 
RAJD11306,Todaraisingh 
RAJD6877,Todaraisingh 
RAJD015845,Todaraisingh 
RAJD000325,Todaraisingh 
RAJD007974,Todaraisingh 
RAJD14837,Tonk  
RAJD001357,Tonk  
RAJD016568,Tonk  
RAJD005701,Tonk  
RAJD000551,Tonk  
RAJD8466,Tonk  
RAJD016416,Tonk  
RAJD16963,Tonk  
RAJD006134,Tordi
RAJD017718,Udaipur
RAJD017118,Udaipur
RAJD017117,Udaipur
RAJD00029236,Udaipur
RAJD17256,Uniara 
RAJD015639,Vaishali Nagar
RAJD018580,Vaishali Nagar
RAJD012496,Machari
RAJD15142,Wall City
RAJD14358,Wall City
RAJD016464,Wall City
RAJD003740,Wall City
RAJD011649,Wall City
RAJD002343,Wall City
RAJD006436,Wall City
RAJD10674,Wall City
RAJD008147,Wall City
RAJD016150,Wall City
RAJD010847,Wall City
RAJD6682,Wall City
RAJD006525,Wall City
RAJD3819,Wall City
RAJD015690,Wall City
RAJD0693,Wall City
RAJD011602,Wall City
RAJD017064,Wall City
RAJD017116,Wall City
RAJD4199,Wall City
RAJD009908,Wall City
RAJD004395,Wall City
RAJD0702,Wall City
RAJD0739,Wall City
RAJD014323,Wall City
RAJD15340,Wall City
RAJD0790,Wall City
RAJD008490,Wall City
RAJD3784,Wall City
RAJD015677,Wall City
RAJD012198,Wall City
RAJD15787,Wall City
RAJD008416,Wall City
RAJD004053,Wall City
RAJD008626,Wall City
RAJD002458,Wall City
RAJD0673,Wall City
RAJD009588,Khor 
RAJD002342,Wall City
RAJD008137,Wall City
RAJD008015,Wall City
RAJD0695,Wall City
RAJD015735,Wall City
RAJD004888,Vatika
RAJD006400,Vatika
RAJD015999,Vatika
RAJD013171,Vatika
RAJD12362,Vatika
RAJD011439,Vatika
RAJD000646,Weir
RAJD017592,Alwar 
RAJD009409,Alwar 
RAJD00029577,Chomu 
RAJD003091,N/A
RAJD014719,Jhalrapatan
RAJD017499,Pirawa
RAJD017268,Khatauli
RAJD018916,Kaithoon 
RAJD018877,Khanpur
RAJD004914,Alwar 
RAJD10785,Choumela
RAJD16355,N/A
RAJD7321,Bada Nayagoan
RAJD16454,N/A
RAJD10952,Kishangarh 
RAJD014673,Alwar 
RAJD016556,Alwar 
RAJD019087,Alwar 
RAJD017653,Bhiwadi 
RAJD018056,Pirawa
RAJD015528,N/A
RAJD003123,Kishangarh 
RAJD11922,Karauli 
RAJD16707,N/A
RAJD11056,Bharatpur
RAJD016420,Antah 
RAJD00029618,Malviya Ngr & Tonk Road
RAJD15377,Dausa 
RAJD004029,N/A
RAJD003999,Bharatpur
RAJD009415,Bharatpur
RAJD006017,N/A
RAJD13010,Kishangarh 
RAJD00029524,N/A
RAJD00029701,Chomu 
RAJD14529,Jhalawar
RAJD00029650,N/A
RAJD019083,Alwar 
RAJD004100,N/A
RAJD008318,N/A
RAJD017272,Sangod 
RAJD000753,Suroth
RAJD00029562,Hindaun
RAJD019041,Alwar 
RAJD6135,Bharatpur
RAJD10801,Bhawani Mandi 
RAJD001064,Kumher
RAJD018871,Kanwas
RAJD14486,Alwar 
RAJD008970,Bandikui 
RAJD011637,Jhalawar
RAJD17198,Bhawani Mandi 
RAJD00029238,Tonk  
RAJD006612,Kaithoon 
RAJD018870,Kanwas
RAJD018936,Bargaon
RAJD000788,Jurhera
RAJD018873,N/A
RAJD00029438,Kaprain
RAJD11708,Tapookra 
RAJD015455,Alwar 
RAJD018393,Machari
RAJD004028,N/A
RAJD009739,Antah 
RAJD016039,N/A
RAJD018152,Alwar 
RAJD018918,Sangod 
RAJD00029314,Deeg 
RAJD016943,Chhabra 
RAJD00029470,Kota   
RAJD019023,Alwar 
RAJD018074,Pirawa
RAJD14103,N/A
RAJD017462,Kota   
RAJD018880,Bundi
RAJD017579,Petch ki babri
RAJD11446,Alwar 
RAJD017399,Samraniya
RAJD013654,Alwar 
RAJD018114,Alwar 
RAJD018961,Alwar 
RAJD00029700,N/A
RAJD017060,Siswali
RAJD00029253,Khairthal 
RAJD6145,Bharatpur
RAJD6139,Bharatpur
RAJD018682,N/A
RAJD017286,Itawa
RAJD017277,Bapawar Kalan
RAJD014685,Hindaun
RAJD018875,Khanpur
RAJD018869,Khanpur
RAJD00029214,Lakheri
RAJD018663,Sangod 
RAJD018872,Panwaar
RAJD014623,Agra Road
RAJD13690,Jobner
RAJD13704,Jobner
RAJD013321,Agra Road
RAJD014325,Agra Road
RAJD014334,Agra Road
RAJD12363,Agra Road
RAJD012362,Bassi 
RAJD6352,Jobner
RAJD16157,Agra Road
RAJD8319,Jobner
RAJD012493,N/A
RAJD008478,Agra Road
RAJD12448,Bassi 
RAJD014335,Agra Road
RAJD8323,Jobner
RAJD013641,Agra Road
RAJD018046,Bassi 
RAJD007607,Agra Road
RAJD14370,Jobner
RAJD014622,Agra Road
RAJD13860,Jobner
RAJD012171,Jobner
RAJD012478,Agra Road
RAJD006703,Agra Road
RAJD012550,Agra Road
RAJD013666,Agra Road
RAJD14653,Jobner
RAJD8321,Jobner
RAJD016463,Agra Road
RAJD006915,Agra Road
RAJD16054,Bassi 
RAJD008946,Agra Road
RAJD016388,Agra Road
RAJD014337,Agra Road
RAJD10805,
RAJD14455,
RAJD15472,
RAJD16067,
RAJD16468,
RAJD16959,
RAJD2821,
RAJD2833,
RAJD4297,
RAJD5133,
RAJD5181,
RAJD5182,
RAJD5754,
RAJD5773,
RAJD6076,
RAJD6231,
RAJD6452,
RAJD6546,
RAJD6652,
RAJD7216,
RAJD9467,
RAJD000328,
RAJD001293,
RAJD001768,
RAJD002470,
RAJD002472,
RAJD003130,
RAJD003583,
RAJD003790,
RAJD004219,
RAJD004396,
RAJD006090,
RAJD007429,
RAJD007576,
RAJD011391,
RAJD011517,
RAJD012167,
RAJD012682,
RAJD013681,
RAJD012679,
RAJD015375,
RAJD016716,
RAJD6444,
RAJD017122,
RAJD017070,
RAJD004748,
RAJD017717,
RAJD017693,
RAJD017876,
RAJD018070,
RAJD018129,
RAJD018119,
RAJD018408,
RAJD018539,
RAJD018660,
RAJD018397,
RAJD018758,
RAJD018839,
RAJD018055,
RAJD00029248,
RAJD00029261,
RAJD00029446,
RAJD00029304,
RAJD00029491,
RAJD00029393,
RAJD016012,
RAJD018440,
RAJD018441,
RAJD015449,
RAJD015448,
RAJD00029523,
RAJD018921,
RAJD00029605,
RAJD00029492,
RAJD00029655,
RAJD00029513,
RAJD13726,
RAJD00029777,
RAJD8797,